DATE\TEAM,ANH,ARI,BOS,BUF,CAR,CBJ,CGY,CHI,COL,DAL,DET,EDM,FLA,LAK,MIN,MON,NJD,NSH,NYI,NYR,OTT,PHI,PIT,SJS,STL,TBL,TOR,VAN,WPG,WSH
10/9/2014
10/10/2014
10/11/2014
10/12/2014
10/13/2014
10/14/2014
10/15/2014
10/16/2014
10/17/2014
10/18/2014
10/19/2014
10/20/2014
10/21/2014
10/22/2014
10/23/2014
10/24/2014
10/25/2014
10/26/2014
10/27/2014
10/28/2014
10/29/2014
10/30/2014
10/31/2014
11/1/2014
11/2/2014
11/3/2014
11/4/2014
11/5/2014
11/6/2014
11/7/2014
11/8/2014
11/9/2014
11/10/2014
11/11/2014
11/12/2014
11/13/2014
11/14/2014
11/15/2014
11/16/2014
11/17/2014
11/18/2014
11/19/2014
11/20/2014
11/21/2014
11/22/2014
11/23/2014
11/24/2014
11/25/2014
11/26/2014
11/27/2014
11/28/2014
11/29/2014
11/30/2014
12/1/2014
12/2/2014
12/3/2014
12/4/2014
12/5/2014
12/6/2014
12/7/2014
12/8/2014
12/9/2014
12/10/2014
12/11/2014
12/12/2014
12/13/2014
12/14/2014
12/15/2014
12/16/2014
12/17/2014
12/18/2014
12/19/2014
12/20/2014
12/21/2014
12/22/2014
12/23/2014
12/24/2014
12/25/2014
12/26/2014
12/27/2014
12/28/2014
12/29/2014
12/30/2014
12/31/2014
1/1/2015
1/2/2015
1/3/2015
1/4/2015
1/5/2015
1/6/2015
1/7/2015
1/8/2015
1/9/2015
1/10/2015
1/11/2015
1/12/2015
1/13/2015
1/14/2015
1/15/2015
1/16/2015
1/17/2015
1/18/2015
1/19/2015
1/20/2015
1/21/2015
1/22/2015
1/23/2015
1/24/2015
1/25/2015
1/26/2015
1/27/2015
1/28/2015
1/29/2015
1/30/2015
1/31/2015
2/1/2015
2/2/2015
2/3/2015
2/4/2015
2/5/2015
2/6/2015
2/7/2015
2/8/2015
2/9/2015
2/10/2015
2/11/2015
2/12/2015
2/13/2015
2/14/2015
2/15/2015
2/16/2015
2/17/2015
2/18/2015
2/19/2015
2/20/2015
2/21/2015
2/22/2015
2/23/2015
2/24/2015
2/25/2015
2/26/2015
2/27/2015
2/28/2015
3/1/2015
3/2/2015
3/3/2015
3/4/2015
3/5/2015
3/6/2015
3/7/2015
3/8/2015
3/9/2015
3/10/2015
3/11/2015
3/12/2015
3/13/2015
3/14/2015
3/15/2015
3/16/2015
3/17/2015
3/18/2015
3/19/2015
3/20/2015
3/21/2015
3/22/2015
3/23/2015
3/24/2015
3/25/2015
3/26/2015
3/27/2015
3/28/2015
3/29/2015
3/30/2015
3/31/2015
4/1/2015
4/2/2015
4/3/2015
4/4/2015
4/5/2015
4/6/2015
4/7/2015
4/8/2015
4/9/2015
4/10/2015
4/11/2015
4/12/2015
